1	1	https://lh3.googleusercontent.com/grass-cs/ACvplmOBL1lv4wL_yi_IZiORo38GmqKYRSBRgbiRBN0NwvRp2nEcWALa_DgvJTzyyiVsap1LxnFIVlgBDXPPU1udXNblzOyzHJOJMYhtDPHakge3qQ2qecdx7ZOlDk3oWNIBF7puxSpG3z-KtBmo
2	0	https://lh3.googleusercontent.com/gps-cs-s/ANWiy9RswWbMjwhyUVpliQM8MealEgmVKljv7tfV8p457DvopmyGIPmvUO9i3NwtxmXes9UIG3k3gSn_QsZj3wvrB90O0qrCy8kvjb31jczXir2PK6TBxDuNeTY5QU3JfCz2EyLvQ5QioyqwSPOS
3	0	https://lh3.googleusercontent.com/gps-cs-s/ANWiy9TNRAxtE70_j5ld4cyQPqp665lzPvEi0kxcUSsMfqUO21Bv_mJwqunE4R-McuVVGc9Z0hS-7WcjVHgBMQ-zYMLLljDC34D9q3L8tqfRzwHeu5zXkkbLkz6SYke0w2LEe7YtlZSzShU0Lkrz
4	0	https://lh3.googleusercontent.com/gps-cs-s/ANWiy9S58291oQf3QbXr8knZNYCXerFM3SKfl-e7EtJSkXjxnHJecmFKZ2KNPlhKWfPnHtJOsW-y18AopUXvZCNcuTxsPSIRNFriI0BxTdCCjyhArxkMx6_3a9kK7O8FGdgU7u3ve2tU0ih4LKQ
5	0	https://lh3.googleusercontent.com/gps-cs-s/ANWiy9TVddQ70srSRu9cswu889DOUKEyF2z5L_PDM2QIYJ5veAQq1p9e9kf8xWYvBntdmMRKSOKvfZ3XxfQY7u-Hdnbqlb02cc0sK2fDMueW8wwd2bfGSFswmJrX7HkUz_8S4Nfam8HJ3l43sO2n
6	0	https://lh3.googleusercontent.com/gps-cs-s/ANWiy9TgMSxtGYjtwTgcVNAyhudORmyjDbqgeh5YdR0CTB-4sKMDF76uqAtEXzWau74D9nJN5jSSvjd3Krm6SVDXHtIo1vREfC1M49p3ge5QgeJupY6TQhfvcmac_T-rpjOsD8M6XrmNlTvFx68
7	1	https://lh3.googleusercontent.com/gps-cs-s/ANWiy9RIvUVGB0lF1_Wnn5LPsyzyGqH5DWUdqaAhVWEpLdcR3TxgiKe7ZF8y8UYeVRM6sP0iq3It47k8ibt90tIfgrGO6dFUa-WDSeqCHrlb1TafXGEGbUTjEbpICCGf1zaFI7C0mmlsng
8	1	https://lh3.googleusercontent.com/gps-cs-s/ANWiy9SHWI0d65jHW51wE_J8vh-8fb9dONTpagwMLOS9w7XiblfV7A1mIEVyD-YwmezsMgG9r6ZHAXNzGbPCnX_1oQKB9J---Kk-xBB1NtR_xfRlZAp6zI7LW9m3da5JREUQEW5Fu8xwxJqHfU5Q
9	0	https://lh3.googleusercontent.com/gps-cs-s/ANWiy9QfBYLQr67WQbLQ2tPOS7ul-9c3eA8wi8wjshtw5rjnK2ecZ64_V6QGituz2jwgmuKbfsDAxus1IE-64wQbSo_yEwkid6X0CBt_PIAhAYKWn1Fn5YWmn093uiCZjlVTV0jTqHh99A
10	0	https://lh3.googleusercontent.com/gps-cs-s/ANWiy9Tb3nYj71GyNcuPult6aFS2KxJM-SfFyLIANijHqOZsMfs2_ux32B8lzlrZzM2tEC42K1Ee8IuDYOAA5kk_Lm-ILiz-uVNTDY5YgmhjKjJi_MCJ2H0MEfDTn3HttvnSXh2ocRt-AA
11	0	https://lh3.googleusercontent.com/gps-cs-s/ANWiy9TvHvpPEt5FlCAJMkVOx0Cp97RNkWZxjgBR1NL8cS4z1zBCf7kzUJysxacqVLrjmLu6PvTqhYF0B69Cp0Z0p4aROo4tWghOh0wJHtHS1EBSH8Z_Uv3EXJ-GUB15dtxlYzKbEiR_
12	0	https://lh3.googleusercontent.com/gps-cs-s/ANWiy9RA6vYN2K7IWM3dcpLFdeo_Ff1pUE3igAC3cTGvO1M74ztyZyc_6eM_imeDEcS20AiDnYS_RS18vVEtBkWzDFR4WG2uXw5ovjgXK4pr5oFKx5wGzFNe-8yiWh3gEqZ0r2ygBlE
13	1	https://lh3.googleusercontent.com/gps-cs-s/ANWiy9Trtf5SKLp5mNazSVeTYpwL03xQ5JjtmKE1v-KKCe--ggrreHbmqNMpvA-JjXzPIbYRZj76CH6gUF1HgMWuuJr-6iC2DhM2gT5Gv76Oe3NfFtbz_nNKZbnv7AvUAVaKMu3dUzLaCQ
14	0	https://lh3.googleusercontent.com/gps-cs-s/ANWiy9RAQh6t6rsHyralDW9fICTmBwxAWHG4Quy8ZW0fxj-vPMus0ZcDGM2bOPaO6Zjk3QYkmxHd7JFn21Fur2M3FVvrHWY9S4aPLj5toQNZv9HP-xu5lv7M6yC_mOJKMnoXXDkDBUiTg8uu0K8
15	0	https://lh3.googleusercontent.com/gps-cs-s/ANWiy9TRZGhdiNSh7Sv9DloVBMuL8LqG5bEJnwnfj4eqq7Ts-dALVn8rAsZwQFfuw4wKy0jL97Fn0iGRZnsGwhkCTxid0pqdZGVQnUtafNm8yw97swQ4Zq9aaeWVEnvAUpzHTibz7guSMJdqGtc
16	1	https://lh3.googleusercontent.com/gps-cs-s/ANWiy9S4VSIRIGTh0eqM9tb5idabwJomaU4EKZ5NgNBJxmKO9oQMflyFkfvsKO6J2xqlZ23eV7uno86MuHPAXLZoSSxTcr-hXlAI9edmumUEGrsYHVtBnFQCqKZSt9su_tE_ORW5ACb50I4HMDdY
17	0	https://lh3.googleusercontent.com/gps-cs-s/ANWiy9TO-ryGepQivALHKgTGKOprE7l-YtdtmyxC6m58MnXnpzsJR_2f2CiJyoRPgSa6eaQblmVA6hq5BvOpHdRyqevzdMRthuU4HjCS4hPlnstpbvjaDDhmWms0TRUxNTRbpxA6zQrbRUmJkAtP
18	0	https://lh3.googleusercontent.com/gps-cs-s/ANWiy9RiYEjD6gnk05dKezQEdy3nLWA7etc50vqhZ1olrVdRMACaYcWVGhPG3w3Vv3bXTashglXiVlQ_1v3HQwljJSBAVeLsOVN8MumpOyngz7hIx6ioZEunEslLbnq-CxXvQsF60VyzaTR4T2uC
19	0	https://lh3.googleusercontent.com/gps-cs-s/ANWiy9TOcihfagLCJHxflqPih8OkmuchjBOAlodKZSQFo6103ZUERhEQRLiOe1o_CI4h7HretmfPWWtt876-OwklpBZKr9axw8obZ2XyELN278dEudcAv_5NDq3jftg8vqD7zBY6MSbgmw
20	0	https://lh3.googleusercontent.com/gps-cs-s/ANWiy9SH1c4K21yrLaAZHs2Gq0TbkxySKetsrxZ2n2vIJEBgRgLxv5rW-pcljJBQ0wOh-WU379FR-utex5VLcPQqlJovvBZZyt8lsnM_hp6Er0x2gEr_2hUbTvlkEY7stan32e3AVkyn
21	1	https://lh3.googleusercontent.com/gps-cs-s/ANWiy9Q_mud_ekp2LZN3eqCtV0bkF-5j8jUe4JV0pW_8dMkups9-Uv2ZjxfDUGKFm3dOrqELLxm55WC_uEOkVc8GwZYHLLOxy079iePMePfVnZ98JWyxXidhxL1HtvbAzQ2EeZQY5f5ZM2o-QKOI
22	0	https://lh3.googleusercontent.com/gps-cs-s/ANWiy9S_IiCXxevvG3U-xdrY-I1cy7Ff5cINasJ_xTdkaVBhvZ3LMox0Oemeqz3crDClBKV0LunO-py_FUgikxfsocxbe7mH_SFiJBF9nLmBiNVwkRELlBzdXYjNdGdGu7dO5gnQRlkqUQ
23	0	https://lh3.googleusercontent.com/gps-cs-s/ANWiy9TvJIFDjJ_3m0mfgBmK8cN9BaqeWc17pS9kTcagm0eq1ntqy7afPWwOyzpoEK9Q-by4pcSRvx9Sk0Ung_HPinrFjNp0fZNjQonkQL2PiCvN0pnK1EIB8YMbMv7UeSzClLaMRm4gcON8yzrZ
24	0	https://lh3.googleusercontent.com/gps-cs-s/ANWiy9RAP0w8EKr4afFk0OpoM_V6TXGxvcnSnjddITtA6GQ--ks7GxBL48Wk3KYlnxSAb7Myp2Htb7qpfXs4WPMgLZaSb5lJ4p6JayH4DX-_aGZHdW659ep6SPMrA4yrHfLYpx62Z2nnUlQTRVS0
25	0	https://lh3.googleusercontent.com/gps-cs-s/ANWiy9RWZCwhiQ9FZagIvPHQQcV9sycCEiS34ycDBtGtagFeaehfT38fFD9D4vlvQWeyKEtieAfyvCM_qNFCVMtMQHL_NtNZKwio0Lvo-hMLR_4bot9hj6hOoqKSCfN4vcKlrE-HlwZW4Ruoo18
26	0	https://lh3.googleusercontent.com/gps-cs-s/ANWiy9Sn-bCyq6aHuHTs5HoqkJb6monb-LM0VwK0ZLDWtr2qn6CzSR0Yt6KMWGHmf84xNSBzpVSxpDczqa3p3T0iKqznYUmvRppzCRNrhnX1vHLbgcChWeTN1Qcmy_RW6l412IqTZW5ob4xnZtNl
27	0	https://lh3.googleusercontent.com/gps-cs-s/ANWiy9QBVBhsjOjz8-2ODGKpXmgWh-dYy9i3nBnYP_M07Fr9ovq2Nby1s0hOd3GH56zPthef0Sifd8Vs0yxdq-1Bzje9iXOy3leKdQvnJq6-D9uJR9YpXGY3CdGoelGKGAKEd2Af0mEw
29	1	https://lh3.googleusercontent.com/gps-cs-s/ANWiy9S1AS5x9W_bwyxerse8InoDjr7kbl3xokEDCggb3_n6hYbr-U5J13HiH6WlbBqa-_lpkwk27JSHXCF53FiTqW2OPNBxx8ofMPIdLGjhEHUlhfsjzmcPflhuRdCyoGLTy4hJxWngH-RHsfjF
